Country name,year,Life Ladder,Log GDP per capita,Social support,Healthy life expectancy at birth,Freedom to make life choices,Generosity,Positive affect,Negative affect,Unemployment rate,War country
Albania,2011,5.867,9.331,0.759,66.68,0.487,-0.205,0.628,0.257,13.48,0
Albania,2012,5.51,9.347,0.785,66.96,0.602,-0.169,0.607,0.271,13.38,0
Albania,2013,4.551,9.359,0.759,67.24,0.632,-0.127,0.634,0.338,15.87,0
Albania,2014,4.814,9.378,0.626,67.52,0.735,-0.025,0.685,0.335,18.05,0
Albania,2015,4.607,9.403,0.639,67.8,0.704,-0.081,0.688,0.35,17.19,0
Albania,2016,4.511,9.437,0.638,68.1,0.73,-0.017,0.675,0.322,15.42,0
Albania,2017,4.64,9.476,0.638,68.4,0.75,-0.029,0.669,0.334,13.62,0
Albania,2018,5.004,9.518,0.684,68.7,0.824,0.009,0.713,0.319,12.3,0
Albania,2019,4.995,9.544,0.686,69.0,0.777,-0.099,0.681,0.274,11.47,0
Albania,2020,5.365,9.497,0.71,69.3,0.754,0.007,0.679,0.265,13.33,0
Argentina,2011,6.776,10.112,0.889,67.48,0.816,-0.174,0.84,0.232,7.18,0
Argentina,2012,6.468,10.091,0.902,67.66,0.747,-0.148,0.857,0.272,7.22,0
Argentina,2013,6.582,10.103,0.91,67.84,0.737,-0.13,0.842,0.254,7.1,0
Argentina,2014,6.671,10.067,0.918,68.02,0.745,-0.164,0.857,0.238,7.27,0
Argentina,2015,6.697,10.083,0.926,68.2,0.881,-0.174,0.859,0.305,7.52,0
Argentina,2016,6.427,10.051,0.883,68.4,0.848,-0.192,0.842,0.312,8.11,0
Argentina,2017,6.039,10.067,0.907,68.6,0.832,-0.186,0.809,0.292,8.35,0
Argentina,2018,5.793,10.032,0.9,68.8,0.846,-0.211,0.82,0.321,9.22,0
Argentina,2019,6.086,10.0,0.896,69.0,0.817,-0.211,0.826,0.319,9.84,0
Argentina,2020,5.901,9.85,0.897,69.2,0.823,-0.122,0.764,0.342,11.46,0
Australia,2011,7.406,10.733,0.967,72.3,0.945,0.369,0.816,0.195,5.08,0
Australia,2012,7.196,10.754,0.945,72.4,0.935,0.274,0.811,0.214,5.22,0
Australia,2013,7.364,10.762,0.928,72.5,0.933,0.269,0.819,0.177,5.66,0
Australia,2014,7.289,10.772,0.924,72.6,0.923,0.319,0.775,0.245,6.08,0
Australia,2015,7.309,10.779,0.952,72.7,0.922,0.332,0.79,0.21,6.05,0
Australia,2016,7.25,10.791,0.942,73.0,0.922,0.239,0.791,0.236,5.71,0
Australia,2017,7.257,10.798,0.95,73.3,0.911,0.317,0.78,0.225,5.59,0
Australia,2018,7.177,10.811,0.94,73.6,0.916,0.146,0.759,0.187,5.3,0
Australia,2019,7.234,10.815,0.943,73.9,0.918,0.121,0.77,0.202,5.16,0
Australia,2020,7.137,10.76,0.937,74.2,0.905,0.21,0.769,0.205,6.46,0
Austria,2011,7.471,10.887,0.944,71.54,0.939,0.132,0.789,0.145,4.56,0
Austria,2012,7.401,10.889,0.945,71.68,0.92,0.118,0.822,0.157,4.87,0
Austria,2013,7.499,10.883,0.95,71.82,0.922,0.168,0.787,0.163,5.33,0
Austria,2014,6.95,10.882,0.899,71.96,0.885,0.118,0.78,0.17,5.62,0
Austria,2015,7.076,10.881,0.928,72.1,0.9,0.099,0.798,0.164,5.72,0
Austria,2016,7.048,10.891,0.926,72.4,0.889,0.08,0.756,0.197,6.01,0
Austria,2017,7.294,10.908,0.906,72.7,0.89,0.133,0.748,0.18,5.5,0
Austria,2018,7.396,10.928,0.912,73.0,0.904,0.053,0.752,0.226,4.85,0
Austria,2019,7.195,10.939,0.964,73.3,0.903,0.06,0.774,0.205,4.49,0
Austria,2020,7.213,10.851,0.925,73.6,0.912,0.011,0.769,0.206,5.36,1
Bangladesh,2011,4.986,8.018,0.606,61.12,0.838,-0.069,0.685,0.235,3.77,0
Bangladesh,2012,4.724,8.07,0.582,61.54,0.668,-0.034,0.714,0.183,4.12,0
Bangladesh,2013,4.66,8.116,0.53,61.96,0.742,-0.016,0.619,0.246,4.43,1
Bangladesh,2014,4.636,8.164,0.577,62.38,0.736,-0.098,0.6046666666666667,0.231,4.38,0
Bangladesh,2015,4.633,8.216,0.601,62.8,0.815,-0.068,0.635,0.226,4.37,1
Bangladesh,2016,4.556,8.274,0.649,63.3,0.875,-0.089,0.56,0.235,4.35,1
Bangladesh,2017,4.31,8.334,0.713,63.8,0.896,0.012,0.569,0.214,4.37,1
Bangladesh,2018,4.499,8.399,0.706,64.3,0.901,-0.043,0.541,0.361,4.41,1
Bangladesh,2019,5.114,8.467,0.673,64.8,0.902,-0.051,0.537,0.369,4.44,0
Bangladesh,2020,5.28,8.472,0.739,65.3,0.777,-0.009,0.582,0.332,5.41,1
Belgium,2011,7.111,10.783,0.937,70.92,0.88,-0.014,0.835,0.225,7.14,0
Belgium,2012,6.935,10.784,0.927,71.04,0.855,-0.05,0.82,0.238,7.54,0
Belgium,2013,7.104,10.784,0.909,71.16,0.891,0.017,0.797,0.217,8.43,0
Belgium,2014,6.855,10.795,0.944,71.28,0.861,0.001,0.798,0.252,8.52,0
Belgium,2015,6.904,10.81,0.885,71.4,0.869,0.062,0.805,0.24,8.48,0
Belgium,2016,6.949,10.819,0.929,71.6,0.866,-0.056,0.765,0.26,7.83,1
Belgium,2017,6.928,10.834,0.922,71.8,0.857,0.054,0.786,0.234,7.09,0
Belgium,2018,6.892,10.844,0.93,72.0,0.808,-0.125,0.75,0.25,5.95,0
Belgium,2019,6.772,10.853,0.884,72.2,0.776,-0.172,0.733,0.244,5.36,0
Belgium,2020,6.839,10.771,0.904,72.4,0.767,-0.164,0.647,0.26,5.55,0
Benin,2011,3.87,7.904,0.477,51.98,0.773,-0.142,0.626,0.219,2.65,0
Benin,2012,3.193,7.923,0.523,52.26,0.769,-0.111,0.583,0.231,2.47,0
Benin,2013,3.479,7.964,0.577,52.54,0.783,-0.085,0.702,0.216,2.29,0
Benin,2014,3.347,7.998,0.506,52.82,0.776,-0.096,0.59,0.273,2.13,0
Benin,2015,3.625,7.988,0.434,53.1,0.733,-0.027,0.592,0.373,2.01,0
Benin,2016,4.007,7.993,0.493,53.5,0.78,-0.065,0.608,0.456,1.83,0
Benin,2017,4.853,8.021,0.436,53.9,0.727,-0.065,0.615,0.458,1.64,0
Benin,2018,5.82,8.059,0.504,54.3,0.713,0.002,0.647,0.468,1.47,0
Benin,2019,4.976,8.098,0.442,54.7,0.77,-0.016,0.659,0.441,1.47,0
Benin,2020,4.408,8.102,0.507,55.1,0.783,-0.083,0.609,0.305,1.58,0
Bolivia,2011,5.779,8.831,0.817,61.34,0.782,-0.039,0.761,0.361,2.25,0
Bolivia,2012,6.019,8.865,0.781,61.68,0.862,-0.015,0.782,0.409,2.07,0
Bolivia,2013,5.767,8.915,0.803,62.02,0.846,-0.067,0.759,0.41,2.44,0
Bolivia,2014,5.865,8.953,0.821,62.36,0.881,0.018,0.809,0.398,2.02,0
Bolivia,2015,5.834,8.985,0.829,62.7,0.884,-0.03,0.786,0.393,3.11,0
Bolivia,2016,5.77,9.012,0.796,63.0,0.882,-0.047,0.783,0.376,3.5,0
Bolivia,2017,5.651,9.039,0.779,63.3,0.884,-0.12,0.698,0.434,3.65,0
Bolivia,2018,5.916,9.066,0.827,63.6,0.863,-0.093,0.742,0.387,3.52,0
Bolivia,2019,5.674,9.074,0.784,63.9,0.881,-0.086,0.751,0.419,3.82,0
Bolivia,2020,5.559,8.998,0.805,64.2,0.877,-0.054,0.79,0.382,7.9,0
Bosnia and Herzegovina,2011,4.995,9.333,0.725,66.74,0.333,-0.035,0.596,0.326,27.58,0
Bosnia and Herzegovina,2012,4.773,9.342,0.779,66.78,0.42,-0.013,0.548,0.338,28.01,0
Bosnia and Herzegovina,2013,5.124,9.382,0.767,66.82,0.39,0.042,0.544,0.315,27.49,0
Bosnia and Herzegovina,2014,5.249,9.411,0.788,66.86,0.412,0.232,0.531,0.262,27.52,0
Bosnia and Herzegovina,2015,5.117,9.457,0.656,66.9,0.631,-0.055,0.534,0.286,27.69,0
Bosnia and Herzegovina,2016,5.181,9.5,0.808,67.2,0.633,0.134,0.641,0.304,25.41,0
Bosnia and Herzegovina,2017,5.09,9.532,0.775,67.5,0.564,0.092,0.597,0.271,20.53,0
Bosnia and Herzegovina,2018,5.887,9.576,0.836,67.8,0.659,0.123,0.643,0.277,18.4,0
Bosnia and Herzegovina,2019,6.016,9.609,0.873,68.1,0.722,0.079,0.633,0.238,15.69,0
Bosnia and Herzegovina,2020,5.516,9.583,0.899,68.4,0.74,0.138,0.644,0.325,15.27,0
Brazil,2011,7.038,9.637,0.916,64.76,0.834,-0.072,0.807,0.268,6.92,0
Brazil,2012,6.66,9.647,0.89,65.02,0.849,-0.08944444444444445,0.755,0.35,7.19,1
Brazil,2013,7.14,9.668,0.91,65.28,0.785,-0.095,0.818,0.276,6.98,0
Brazil,2014,6.981,9.664,0.898,65.54,0.714,-0.115,0.788,0.274,6.66,0
Brazil,2015,6.547,9.62,0.907,65.8,0.799,-0.016,0.755,0.325,8.43,0
Brazil,2016,6.375,9.578,0.912,66.0,0.807,-0.1,0.763,0.302,11.6,1
Brazil,2017,6.333,9.583,0.905,66.2,0.765,-0.175,0.716,0.308,12.82,0
Brazil,2018,6.191,9.589,0.882,66.4,0.751,-0.117,0.75,0.35,12.33,1
Brazil,2019,6.451,9.592,0.899,66.6,0.83,-0.062,0.761,0.337,11.93,1
Brazil,2020,6.11,9.522,0.831,66.8,0.786,-0.053,0.692,0.389,13.69,1
Bulgaria,2011,3.875,9.795,0.86,65.8,0.664,-0.228,0.534,0.271,11.26,0
Bulgaria,2012,4.222,9.804,0.838,65.9,0.641,-0.172,0.573,0.237,12.27,0
Bulgaria,2013,3.993,9.813,0.829,66.0,0.603,-0.191,0.623,0.278,12.94,0
Bulgaria,2014,4.438,9.838,0.886,66.1,0.576,-0.055,0.628,0.236,11.42,0
Bulgaria,2015,4.865,9.883,0.908,66.2,0.637,-0.2,0.643,0.214,9.14,0
Bulgaria,2016,4.838,9.928,0.926,66.4,0.7,-0.17,0.622,0.172,7.57,0
Bulgaria,2017,5.097,9.969,0.942,66.6,0.689,-0.154,0.614,0.189,6.16,0
Bulgaria,2018,5.099,10.007,0.924,66.8,0.724,-0.176,0.639,0.189,5.21,0
Bulgaria,2019,5.108,10.047,0.948,67.0,0.822,-0.109,0.663,0.2,4.23,0
Bulgaria,2020,5.598,9.991,0.916,67.2,0.818,-0.004,0.706,0.221,5.12,0
Cambodia,2011,4.161,7.96,0.716,58.88,0.927,0.418,0.799,0.308,0.58,0
Cambodia,2012,3.899,8.014,0.606,59.26,0.956,0.247,0.82,0.352,0.51,0
Cambodia,2013,3.674,8.068,0.651,59.64,0.941,0.164,0.792,0.44,0.44,0
Cambodia,2014,3.883,8.121,0.693,60.02,0.938,0.239,0.783,0.482,0.69,0
Cambodia,2015,4.162,8.173,0.729,60.4,0.956,0.21,0.813,0.399,0.39,0
Cambodia,2016,4.461,8.225,0.746,60.8,0.958,0.076,0.839,0.398,0.72,0
Cambodia,2017,4.586,8.276,0.765,61.2,0.964,0.088,0.799,0.408,0.14,0
Cambodia,2018,5.122,8.333,0.795,61.6,0.958,0.036,0.845,0.414,0.14,0
Cambodia,2019,4.998,8.387,0.759,62.0,0.957,0.013,0.844,0.39,0.15,0
Cambodia,2020,4.377,8.362,0.724,62.4,0.963,0.052,0.878,0.39,0.33,0
Cameroon,2011,4.434,8.048,0.738,48.7,0.817,-0.029,0.598,0.272,3.96,0
Cameroon,2012,4.245,8.065,0.743,49.1,0.766,-0.032,0.618,0.284,3.82,0
Cameroon,2013,4.271,8.09,0.76,49.5,0.794,-0.03,0.681,0.268,3.67,0
Cameroon,2014,4.24,8.12,0.778,49.9,0.795,-0.071,0.623,0.216,3.53,1
Cameroon,2015,5.038,8.149,0.646,50.3,0.791,0.049,0.651,0.346,3.55,1
Cameroon,2016,4.816,8.167,0.659,51.1,0.713,-0.003,0.662,0.367,3.58,1
Cameroon,2017,5.074,8.176,0.695,51.9,0.767,-0.028,0.632,0.377,3.6,1
Cameroon,2018,5.251,8.19,0.677,52.7,0.816,0.036,0.642,0.356,3.62,1
Cameroon,2019,4.937,8.203,0.711,53.5,0.712,-0.008,0.629,0.326,3.64,1
Cameroon,2020,5.241,8.175,0.72,54.3,0.675,0.049,0.63,0.386,3.84,1
Canada,2011,7.426,10.738,0.922,72.36,0.951,0.253,0.881,0.248,7.51,0
Canada,2012,7.415,10.744,0.948,72.52,0.918,0.29,0.857,0.229,7.29,0
Canada,2013,7.594,10.757,0.936,72.68,0.916,0.316,0.851,0.263,7.07,0
Canada,2014,7.304,10.775,0.918,72.84,0.939,0.27,0.833,0.259,6.91,0
Canada,2015,7.413,10.774,0.939,73.0,0.931,0.253,0.845,0.286,6.91,0
Canada,2016,7.245,10.773,0.924,73.2,0.912,0.211,0.825,0.237,7.0,0
Canada,2017,7.415,10.792,0.934,73.4,0.945,0.163,0.863,0.218,6.34,0
Canada,2018,7.175,10.798,0.923,73.6,0.946,0.106,0.824,0.259,5.83,0
Canada,2019,7.109,10.8,0.925,73.8,0.912,0.112,0.822,0.285,5.66,0
Canada,2020,7.025,10.73,0.931,74.0,0.887,0.05,0.796,0.307,9.46,0
Chile,2011,6.526,9.98,0.819,69.04,0.701,0.112,0.804,0.317,7.34,0
Chile,2012,6.599,10.023,0.855,69.18,0.734,0.195,0.815,0.288,6.66,0
Chile,2013,6.74,10.053,0.862,69.32,0.737,0.085,0.855,0.285,6.21,0
Chile,2014,6.844,10.059,0.862,69.46,0.733,0.217,0.87,0.276,6.66,0
Chile,2015,6.533,10.07,0.827,69.6,0.769,0.041,0.803,0.333,6.51,0
Chile,2016,6.579,10.074,0.841,69.7,0.652,0.102,0.869,0.283,6.74,0
Chile,2017,6.32,10.072,0.88,69.8,0.79,-0.02,0.838,0.291,6.96,0
Chile,2018,6.436,10.097,0.89,69.9,0.789,-0.06,0.833,0.276,7.23,0
Chile,2019,5.942,10.095,0.869,70.0,0.659,-0.103,0.809,0.337,7.29,0
Chile,2020,6.151,10.02,0.888,70.1,0.781,0.033,0.815,0.336,11.18,0
China,2011,5.037,9.179,0.787,67.76,0.824,-0.186,0.82,0.134,4.55,0
China,2012,5.095,9.249,0.788,67.92,0.808,-0.185,0.821,0.159,4.57,0
China,2013,5.241,9.319,0.778,68.08,0.805,-0.158,0.836,0.142,4.59,0
China,2014,5.196,9.386,0.82,68.24,0.8611428571428572,-0.217,0.854,0.112,4.61,0
China,2015,5.304,9.449,0.794,68.4,0.8611428571428572,-0.244,0.809,0.171,4.63,1
China,2016,5.325,9.51,0.742,68.7,0.8611428571428572,-0.228,0.826,0.146,4.53,0
China,2017,5.099,9.571,0.772,69.0,0.878,-0.175,0.821,0.214,4.44,0
China,2018,5.131,9.632,0.788,69.3,0.895,-0.159,0.856,0.19,4.28,0
China,2019,5.144,9.688,0.822,69.6,0.927,-0.173,0.891,0.147,4.52,0
China,2020,5.771,9.702,0.808,69.9,0.891,-0.103,0.789,0.245,5.0,0
Colombia,2011,6.464,9.442,0.904,65.92,0.811,-0.073,0.832,0.286,10.11,1
Colombia,2012,6.375,9.471,0.914,66.14,0.828,-0.009,0.846,0.294,9.74,1
Colombia,2013,6.607,9.512,0.901,66.36,0.841,-0.071,0.851,0.278,9.05,1
Colombia,2014,6.449,9.546,0.907,66.58,0.801,-0.09,0.847,0.278,8.57,1
Colombia,2015,6.388,9.564,0.89,66.8,0.791,-0.1,0.839,0.292,8.3,1
Colombia,2016,6.234,9.571,0.882,67.1,0.835,-0.1,0.794,0.294,8.69,1
Colombia,2017,6.157,9.569,0.909,67.4,0.838,-0.157,0.837,0.299,8.87,1
Colombia,2018,5.984,9.579,0.871,67.7,0.851,-0.148,0.825,0.301,9.11,1
Colombia,2019,6.35,9.598,0.873,68.0,0.822,-0.172,0.822,0.322,9.96,1
Colombia,2020,5.709,9.495,0.797,68.3,0.84,-0.085,0.795,0.34,15.04,1
Croatia,2011,5.385,10.091,0.79,68.0,0.517,-0.198,0.598,0.273,13.68,0
Croatia,2012,6.028,10.072,0.776,68.1,0.542,-0.242,0.622,0.271,15.93,0
Croatia,2013,5.885,10.069,0.751,68.2,0.627,-0.204,0.59,0.285,17.25,0
Croatia,2014,5.381,10.072,0.646,68.3,0.519,0.132,0.596,0.286,17.29,0
Croatia,2015,5.205,10.104,0.768,68.4,0.694,-0.096,0.609,0.294,16.18,0
Croatia,2016,5.417,10.146,0.798,69.0,0.672,-0.065,0.614,0.337,13.1,0
Croatia,2017,5.343,10.189,0.77,69.6,0.716,-0.104,0.655,0.316,11.21,0
Croatia,2018,5.536,10.224,0.91,70.2,0.691,-0.151,0.582,0.29,8.43,0
Croatia,2019,5.626,10.258,0.936,70.8,0.739,-0.137,0.551,0.269,6.62,0
Croatia,2020,6.508,10.166,0.923,71.4,0.837,-0.063,0.743,0.286,7.51,0
Cyprus,2011,6.69,10.53,0.844,72.54,0.745,0.18,0.763,0.272,7.86,0
Cyprus,2012,6.181,10.479,0.767,72.68,0.725,0.098,0.755,0.369,11.8,0
Cyprus,2013,5.439,10.414,0.744,72.82,0.656,0.102,0.748,0.42,15.87,0
Cyprus,2014,5.627,10.406,0.77,72.96,0.715,0.06,0.737,0.397,16.09,0
Cyprus,2015,5.439,10.445,0.77,73.1,0.628,0.114,0.747,0.383,14.91,0
Cyprus,2016,5.795,10.506,0.786,73.3,0.756,-0.03,0.742,0.336,12.95,0
Cyprus,2017,6.062,10.539,0.819,73.5,0.812,0.043,0.784,0.301,11.05,0
Cyprus,2018,6.276,10.567,0.826,73.7,0.794,-0.022,0.75,0.298,8.37,0
Cyprus,2019,6.137,10.585,0.776,73.9,0.74,-0.008,0.763,0.29,7.07,0
Cyprus,2020,6.26,10.496777777777778,0.806,74.1,0.763,0.05966666666666667,0.759,0.284,7.59,0
Denmark,2011,7.788,10.848,0.962,70.62,0.935,0.298,0.769,0.175,7.77,0
Denmark,2012,7.52,10.846,0.951,70.84,0.933,0.139,0.774,0.209,7.8,0
Denmark,2013,7.589,10.851,0.965,71.06,0.92,0.215,0.862,0.195,7.38,0
Denmark,2014,7.508,10.862,0.956,71.28,0.942,0.118,0.832,0.233,6.93,0
Denmark,2015,7.514,10.878,0.96,71.5,0.941,0.222,0.829,0.218,6.28,0
Denmark,2016,7.558,10.903,0.954,71.8,0.948,0.138,0.836,0.208,5.99,0
Denmark,2017,7.594,10.916,0.952,72.1,0.955,0.155,0.824,0.206,5.83,0
Denmark,2018,7.649,10.935,0.958,72.4,0.935,0.018,0.821,0.206,5.13,0
Denmark,2019,7.693,10.954,0.958,72.7,0.963,0.02,0.862,0.181,5.02,0
Denmark,2020,7.515,10.91,0.947,73.0,0.938,0.052,0.818,0.227,5.64,0
Dominican Republic,2011,5.397,9.475,0.872,64.02,0.848,0.014,0.809,0.3,6.09,0
Dominican Republic,2012,4.753,9.489,0.879,64.24,0.84,-0.062,0.797,0.297,6.72,0
Dominican Republic,2013,5.016,9.525,0.878,64.46,0.889,0.021,0.793,0.295,7.35,0
Dominican Republic,2014,5.387,9.582,0.891,64.68,0.905,-0.02,0.798,0.3,6.72,0
Dominican Republic,2015,5.062,9.637,0.893,64.9,0.856,-0.065,0.714,0.295,7.61,0
Dominican Republic,2016,5.239,9.691,0.895,65.2,0.873,-0.08,0.76,0.278,7.28,0
Dominican Republic,2017,5.605,9.725,0.894,65.5,0.855,-0.121,0.739,0.275,5.83,0
Dominican Republic,2018,5.433,9.782,0.862,65.8,0.867,-0.15,0.745,0.291,5.86,0
Dominican Republic,2019,6.004,9.821,0.884,66.1,0.877,-0.123,0.784,0.264,6.36,0
Dominican Republic,2020,5.168,9.802,0.806,66.4,0.835,-0.128,0.734,0.314,6.13,0
Ecuador,2011,5.795,9.304,0.818,66.96,0.788,-0.155,0.862,0.271,3.46,0
Ecuador,2012,5.961,9.344,0.785,67.12,0.825,-0.084,0.847,0.333,3.23,0
Ecuador,2013,6.019,9.377,0.801,67.28,0.787,-0.191,0.851,0.267,3.08,0
Ecuador,2014,5.946,9.399,0.831,67.44,0.719,-0.167,0.859,0.306,3.48,0
Ecuador,2015,5.964,9.384,0.856,67.6,0.801,-0.114,0.851,0.323,3.62,0
Ecuador,2016,6.115,9.355,0.842,67.9,0.846,-0.015,0.846,0.365,4.6,0
Ecuador,2017,5.84,9.36,0.849,68.2,0.879,-0.167,0.829,0.314,3.84,0
Ecuador,2018,6.128,9.355,0.851,68.5,0.869,-0.099,0.876,0.328,3.53,0
Ecuador,2019,5.809,9.339,0.808,68.8,0.83,-0.115,0.811,0.374,3.81,0
Ecuador,2020,5.354,9.244,0.804,69.1,0.829,-0.157,0.79,0.416,6.11,0
Egypt,2011,4.174,9.24,0.753,60.16,0.59,-0.151,0.529,0.353,11.85,0
Egypt,2012,4.204,9.24,0.737,60.32,0.452,-0.138,0.527,0.398,12.6,0
Egypt,2013,3.559,9.239,0.675,60.48,0.474,-0.141,0.551,0.483,13.15,1
Egypt,2014,4.885,9.245,0.619,60.64,0.578,-0.126,0.543,0.327,13.1,1
Egypt,2015,4.763,9.266,0.73,60.8,0.659,-0.089,0.61,0.344,13.05,1
Egypt,2016,4.557,9.287,0.809,61.1,0.656,-0.141,0.611,0.37,12.41,1
Egypt,2017,3.929,9.307,0.638,61.4,0.593,-0.152,0.539,0.414,11.74,1
Egypt,2018,4.005,9.338,0.759,61.7,0.682,-0.215,0.492,0.285,9.82,1
Egypt,2019,4.328,9.373,0.772,62.0,0.774,-0.199,0.517,0.313,7.84,1
Egypt,2020,4.472,9.383,0.673,62.3,0.77,-0.112,0.599,0.442,9.17,1
El Salvador,2011,4.741,8.933,0.731,64.4,0.747,-0.126,0.875,0.336,4.3,0
El Salvador,2012,5.934,8.956,0.806,64.6,0.683,-0.155,0.831,0.365,3.84,0
El Salvador,2013,6.325,8.974,0.827,64.8,0.716,-0.15,0.828,0.317,3.69,0
El Salvador,2014,5.857,8.986,0.798,65.0,0.778,-0.194,0.837,0.33,4.15,0
El Salvador,2015,6.018,9.005,0.791,65.2,0.733,-0.156,0.826,0.333,4.0,0
El Salvador,2016,6.14,9.025,0.794,65.5,0.8,-0.185,0.761,0.346,4.42,0
El Salvador,2017,6.339,9.042,0.829,65.8,0.758,-0.172,0.849,0.268,4.39,0
El Salvador,2018,6.241,9.061,0.82,66.1,0.863,-0.095,0.86,0.27,4.01,0
El Salvador,2019,6.455,9.08,0.764,66.4,0.877,-0.109,0.871,0.271,4.17,0
El Salvador,2020,5.462,9.019,0.696,66.7,0.924,-0.126,0.839,0.329,6.25,0
Estonia,2011,5.487,10.248,0.909,66.96,0.735,-0.168,0.651,0.205,12.33,0
Estonia,2012,5.364,10.282,0.889,67.22,0.697,-0.192,0.647,0.199,10.02,0
Estonia,2013,5.367,10.299,0.901,67.48,0.754,-0.201,0.702,0.199,8.63,0
Estonia,2014,5.556,10.331,0.917,67.74,0.773,-0.153,0.68,0.203,7.35,0
Estonia,2015,5.629,10.348,0.918,68.0,0.815,-0.164,0.723,0.183,6.19,0
Estonia,2016,5.65,10.374,0.938,68.2,0.843,-0.149,0.726,0.177,6.76,0
Estonia,2017,5.938,10.429,0.936,68.4,0.862,-0.101,0.805,0.16,5.76,0
Estonia,2018,6.091,10.472,0.933,68.6,0.886,-0.141,0.795,0.163,5.37,0
Estonia,2019,6.035,10.511,0.934,68.8,0.887,-0.096,0.804,0.156,4.45,0
Estonia,2020,6.453,10.459,0.958,69.0,0.954,-0.082,0.807,0.188,6.8,0
Finland,2011,7.354,10.754,0.938,70.64,0.936,0.101,0.773,0.205,7.78,0
Finland,2012,7.42,10.735,0.928,70.88,0.921,-0.001,0.796,0.202,7.69,0
Finland,2013,7.445,10.722,0.941,71.12,0.919,0.04,0.769,0.195,8.19,0
Finland,2014,7.385,10.714,0.952,71.36,0.933,-0.001,0.784,0.199,8.66,0
Finland,2015,7.448,10.716,0.948,71.6,0.93,0.111,0.751,0.191,9.38,0
Finland,2016,7.66,10.74,0.954,71.7,0.948,-0.027,0.797,0.182,8.82,0
Finland,2017,7.788,10.768,0.964,71.8,0.962,-0.002,0.787,0.176,8.64,0
Finland,2018,7.858,10.783,0.962,71.9,0.938,-0.127,0.782,0.182,7.36,0
Finland,2019,7.78,10.792,0.937,72.0,0.948,-0.052,0.755,0.181,6.69,0
Finland,2020,7.889,10.75,0.962,72.1,0.962,-0.116,0.744,0.193,7.76,0
France,2011,6.959,10.671,0.921,72.4,0.903,-0.102,0.781,0.281,8.81,0
France,2012,6.649,10.669,0.937,72.6,0.841,-0.149,0.754,0.253,9.4,1
France,2013,6.667,10.669,0.908,72.8,0.878,-0.125,0.8,0.205,9.92,0
France,2014,6.467,10.674,0.878,73.0,0.803,-0.118,0.811,0.216,10.29,0
France,2015,6.358,10.682,0.896,73.2,0.817,-0.139,0.786,0.215,10.35,1
France,2016,6.475,10.69,0.885,73.4,0.787,-0.091,0.773,0.27,10.05,1
France,2017,6.635,10.711,0.931,73.6,0.834,-0.123,0.762,0.242,9.41,0
France,2018,6.666,10.727,0.921,73.8,0.816,-0.138,0.767,0.282,9.02,1
France,2019,6.69,10.74,0.958,74.0,0.827,-0.133,0.735,0.25,8.41,0
France,2020,6.714,10.643,0.947,74.2,0.823,-0.169,0.732,0.231,8.01,0
Georgia,2011,4.203,9.263,0.503,64.86,0.632,-0.255,0.515,0.247,19.63,0
Georgia,2012,4.254,9.332,0.533,64.92,0.659,-0.269,0.559,0.25,19.65,0
Georgia,2013,4.349,9.371,0.559,64.98,0.722,-0.254,0.595,0.2,19.42,0
Georgia,2014,4.288,9.414,0.558,65.04,0.72,-0.233,0.57,0.204,17.44,0
Georgia,2015,4.122,9.442,0.517,65.1,0.64,-0.205,0.547,0.233,16.51,0
Georgia,2016,4.448,9.47,0.533,64.9,0.606,-0.249,0.564,0.223,16.6,0
Georgia,2017,4.451,9.517,0.59,64.7,0.821,-0.244,0.581,0.21,13.94,0
Georgia,2018,4.659,9.565,0.617,64.5,0.775,-0.233,0.573,0.244,12.67,0
Georgia,2019,4.892,9.617,0.675,64.3,0.811,-0.26,0.604,0.244,11.57,0
Georgia,2020,5.123,9.569,0.718,64.1,0.764,-0.221,0.611,0.295,18.5,0
Germany,2011,6.621,10.813,0.947,70.98,0.906,0.033,0.794,0.165,5.82,0
Germany,2012,6.702,10.816,0.926,71.06,0.904,0.071,0.804,0.17,5.38,0
Germany,2013,6.965,10.817,0.931,71.14,0.894,0.024,0.743,0.205,5.23,0
Germany,2014,6.984,10.835,0.938,71.22,0.899,0.088,0.785,0.188,4.98,0
Germany,2015,7.037,10.844,0.926,71.3,0.889,0.178,0.765,0.203,4.62,0
Germany,2016,6.874,10.858,0.906,71.6,0.871,0.148,0.738,0.187,4.12,1
Germany,2017,7.074,10.878,0.892,71.9,0.841,0.145,0.737,0.196,3.75,0
Germany,2018,7.118,10.89,0.92,72.2,0.877,0.034,0.78,0.243,3.38,0
Germany,2019,7.035,10.893,0.886,72.5,0.885,0.057,0.751,0.226,3.14,0
Germany,2020,7.312,10.833,0.905,72.8,0.864,-0.06,0.76,0.206,3.81,0
Ghana,2011,5.608,8.332,0.724,54.48,0.852,0.011,0.744,0.209,5.6,0
Ghana,2012,5.057,8.397,0.685,54.86,0.679,0.04,0.76,0.152,5.91,0
Ghana,2013,4.965,8.445,0.676,55.24,0.794,-0.065,0.691,0.211,6.2,0
Ghana,2014,3.86,8.45,0.651,55.62,0.677,0.001,0.696,0.28,6.52,0
Ghana,2015,3.986,8.449,0.687,56.0,0.852,-0.038,0.69,0.265,6.81,0
Ghana,2016,4.514,8.46,0.647,56.4,0.751,0.09,0.668,0.305,5.53,0
Ghana,2017,5.481,8.517,0.669,56.8,0.783,0.079,0.703,0.248,4.22,0
Ghana,2018,5.004,8.555,0.761,57.2,0.817,0.062,0.747,0.25,4.28,0
Ghana,2019,4.967,8.596,0.746,57.6,0.787,0.116,0.682,0.27,4.32,0
Ghana,2020,5.319,8.59,0.643,58.0,0.824,0.2,0.713,0.253,4.65,0
Greece,2011,5.372,10.339,0.852,71.56,0.528,-0.316,0.591,0.323,17.86,0
Greece,2012,5.096,10.268,0.812,71.62,0.373,-0.305,0.581,0.352,24.44,0
Greece,2013,4.72,10.243,0.687,71.68,0.426,-0.272,0.689,0.482,27.47,0
Greece,2014,4.756,10.257,0.832,71.74,0.369,-0.288,0.695,0.385,26.49,0
Greece,2015,5.623,10.259,0.835,71.8,0.532,-0.272,0.74,0.277,24.9,0
Greece,2016,5.303,10.261,0.803,72.0,0.482,-0.26,0.701,0.336,23.54,0
Greece,2017,5.148,10.278,0.753,72.2,0.438,-0.29,0.603,0.333,21.49,0
Greece,2018,5.409,10.299,0.794,72.4,0.564,-0.335,0.666,0.255,19.29,0
Greece,2019,5.952,10.319,0.891,72.6,0.614,-0.289,0.668,0.236,17.31,0
Greece,2020,5.788,10.215,0.779,72.8,0.565,-0.241,0.684,0.322,16.3,0
Hungary,2011,4.918,10.127,0.894,65.76,0.631,-0.089,0.642,0.305,11.03,0
Hungary,2012,4.683,10.117,0.906,65.92,0.569,-0.136,0.652,0.315,11.0,0
Hungary,2013,4.914,10.14,0.877,66.08,0.674,-0.113,0.706,0.307,10.18,0
Hungary,2014,5.181,10.183,0.845,66.24,0.494,-0.15,0.651,0.238,7.73,0
Hungary,2015,5.344,10.223,0.859,66.4,0.558,-0.198,0.707,0.245,6.81,0
Hungary,2016,5.449,10.248,0.9,66.8,0.554,-0.187,0.666,0.243,5.11,0
Hungary,2017,6.065,10.293,0.877,67.2,0.661,-0.139,0.735,0.181,4.16,0
Hungary,2018,5.936,10.344,0.941,67.6,0.693,-0.243,0.676,0.201,3.71,0
Hungary,2019,6.0,10.393,0.947,68.0,0.798,-0.195,0.743,0.18,3.42,0
Hungary,2020,6.038,10.335,0.943,68.4,0.771,-0.12,0.735,0.24,4.25,0
India,2011,4.635,8.387,0.553,57.7,0.838,-0.038,0.648,0.232,5.43,1
India,2012,4.72,8.428,0.511,58.0,0.609,0.067,0.629,0.295,5.41,1
India,2013,4.428,8.478,0.553,58.3,0.74,0.084,0.68,0.33,5.42,1
India,2014,4.424,8.538,0.621,58.6,0.809,-0.026,0.711,0.285,5.44,1
India,2015,4.342,8.604,0.61,58.9,0.777,-0.005,0.701,0.322,5.43,1
India,2016,4.179,8.673,0.614,59.3,0.82,0.046,0.695,0.346,5.42,1
India,2017,4.046,8.73,0.607,59.7,0.886,-0.042,0.682,0.318,5.36,1
India,2018,3.818,8.779,0.638,60.1,0.89,0.085,0.657,0.357,5.33,1
India,2019,3.249,8.818,0.561,60.5,0.876,0.112,0.648,0.466,5.27,1
India,2020,4.225,8.703,0.617,60.9,0.906,0.075,0.752,0.383,8.0,1
Iran,2011,4.768,9.547,0.582,64.14,0.798,0.2,0.578,0.359,12.49,1
Iran,2012,4.609,9.458,0.6,64.38,0.764,0.2061666666666667,0.609,0.525,12.27,0
Iran,2013,5.14,9.443,0.664,64.62,0.73,0.216,0.659,0.552,10.6,0
Iran,2014,4.682,9.476,0.644,64.86,0.767,0.241,0.618,0.512,10.68,0
Iran,2015,4.75,9.449,0.572,65.1,0.78,0.176,0.645,0.52,11.17,0
Iran,2016,4.653,9.561,0.566,65.4,0.773,0.186,0.687,0.526,12.62,0
Iran,2017,4.717,9.584,0.714,65.7,0.731,0.218,0.694,0.439,12.23,1
Iran,2018,4.278,9.502571428571429,0.674,66.0,0.603,0.2061666666666667,0.553,0.493,12.19,1
Iran,2019,5.006,9.502571428571429,0.698,66.3,0.623,0.2061666666666667,0.6,0.449,10.74,1
Iran,2020,4.865,9.502571428571429,0.757,66.6,0.6,0.2061666666666667,0.582,0.47,12.17,1
Ireland,2011,7.007,10.878,0.977,71.6,0.952,0.383,0.865,0.19,15.35,0
Ireland,2012,6.965,10.876,0.962,71.7,0.902,0.302,0.835,0.237,15.45,0
Ireland,2013,6.76,10.884,0.955,71.8,0.884,0.331,0.814,0.245,13.73,0
Ireland,2014,7.018,10.959,0.968,71.9,0.922,0.264,0.784,0.229,11.86,0
Ireland,2015,6.83,11.174,0.953,72.0,0.892,0.233,0.799,0.225,9.91,0
Ireland,2016,7.041,11.199,0.958,72.1,0.875,0.174,0.809,0.211,8.37,0
Ireland,2017,7.06,11.266,0.943,72.2,0.905,0.216,0.833,0.213,6.71,0
Ireland,2018,6.962,11.332,0.938,72.3,0.861,0.144,0.811,0.213,5.74,0
Ireland,2019,7.255,11.371,0.944,72.4,0.892,0.074,0.807,0.223,4.95,0
Ireland,2020,7.035,11.323,0.96,72.5,0.882,0.014,0.797,0.246,5.62,0
Israel,2011,7.433,10.489,0.893,72.46,0.722,0.141,0.738,0.384,7.14,1
Israel,2012,7.111,10.493,0.903,72.52,0.681,0.153,0.665,0.319,6.86,1
Israel,2013,7.321,10.515,0.909,72.58,0.739,0.15,0.698,0.409,6.21,0
Israel,2014,7.401,10.533,0.889,72.64,0.707,0.094,0.604,0.271,5.89,1
Israel,2015,7.079,10.536,0.864,72.7,0.753,0.108,0.697,0.256,5.25,1
Israel,2016,7.159,10.555,0.89,72.9,0.772,0.153,0.629,0.263,4.8,1
Israel,2017,7.331,10.57,0.916,73.1,0.768,0.145,0.674,0.276,4.22,0
Israel,2018,6.927,10.585,0.91,73.3,0.725,0.055,0.663,0.282,4.0,1
Israel,2019,7.332,10.601,0.946,73.5,0.834,0.085,0.635,0.266,3.8,1
Israel,2020,7.195,10.538,0.959,73.7,0.831,-0.049,0.621,0.243,4.33,1
Italy,2011,6.057,10.671,0.913,72.84,0.568,-0.018,0.658,0.266,8.36,0
Italy,2012,5.839,10.638,0.869,72.88,0.57,0.113,0.67,0.388,10.65,0
Italy,2013,6.009,10.608,0.916,72.92,0.499,-0.102,0.779,0.357,12.15,0
Italy,2014,6.027,10.599,0.898,72.96,0.624,-0.065,0.716,0.356,12.68,0
Italy,2015,5.848,10.608,0.909,73.0,0.575,-0.064,0.692,0.329,11.9,0
Italy,2016,5.955,10.622,0.927,73.2,0.624,-0.081,0.685,0.339,11.69,0
Italy,2017,6.199,10.64,0.92,73.4,0.633,-0.035,0.661,0.323,11.21,0
Italy,2018,6.517,10.65,0.913,73.6,0.65,-0.021,0.649,0.403,10.61,0
Italy,2019,6.445,10.655,0.838,73.8,0.709,-0.082,0.631,0.328,9.95,0
Italy,2020,6.488,10.563,0.89,74.0,0.718,-0.15,0.67,0.311,9.16,0
Japan,2011,6.263,10.532,0.917,73.98,0.814,-0.052,0.776,0.181,4.55,0
Japan,2012,5.968,10.549,0.905,74.16,0.753,-0.17066666666666666,0.777,0.171,4.36,0
Japan,2013,5.959,10.57,0.924,74.34,0.821,-0.147,0.794,0.175,4.0,0
Japan,2014,5.923,10.575,0.9,74.52,0.838,-0.139,0.742,0.189,3.6,0
Japan,2015,5.88,10.588,0.923,74.7,0.832,-0.155,0.768,0.176,3.4,0
Japan,2016,5.955,10.595,0.9,74.8,0.836,-0.062,0.76,0.192,3.1,0
Japan,2017,5.911,10.618,0.882,74.9,0.849,-0.206,0.74,0.176,2.8,0
Japan,2018,5.794,10.623,0.886,75.0,0.773,-0.261,0.703,0.185,2.4,0
Japan,2019,5.908,10.632,0.878,75.1,0.806,-0.255,0.743,0.194,2.4,0
Japan,2020,6.118,10.58,0.887,75.2,0.806,-0.259,0.742,0.186,2.8,0
Jordan,2011,5.539,9.289,0.878,65.0,0.76,-0.143,0.612,0.26,12.9,0
Jordan,2012,5.132,9.261,0.829,65.3,0.693,-0.16,0.565,0.345,12.2,0
Jordan,2013,5.172,9.237,0.84,65.6,0.692,-0.117,0.684,0.286,12.6,0
Jordan,2014,5.333,9.222,0.816,65.9,0.729,-0.104,0.66,0.313,11.9,0
Jordan,2015,5.405,9.207,0.83,66.2,0.767,-0.046,0.69,0.305,13.08,0
Jordan,2016,5.271,9.197,0.82,66.4,0.771,-0.038,0.641,0.312,15.28,1
Jordan,2017,4.808,9.194,0.815,66.6,0.766,-0.152,0.628,0.392,18.14,0
Jordan,2018,4.639,9.196,0.8,66.8,0.762,-0.186,0.64,0.31614285714285717,18.27,0
Jordan,2019,4.453,9.201,0.793,67.0,0.726,-0.165,0.64,0.31614285714285717,16.81,0
Jordan,2020,4.094,9.15,0.709,67.2,0.779,-0.15,0.64,0.31614285714285717,19.03,0
Kazakhstan,2011,5.736,9.997,0.905,60.72,0.878,-0.235,0.695,0.154,5.39,0
Kazakhstan,2012,5.759,10.03,0.892,61.24,0.84,-0.171,0.74,0.184,5.29,0
Kazakhstan,2013,5.835,10.074,0.889,61.76,0.782,-0.229,0.674,0.164,5.2,0
Kazakhstan,2014,5.97,10.101,0.795,62.28,0.799,0.004,0.718,0.169,5.06,0
Kazakhstan,2015,5.95,10.098,0.931,62.8,0.74,-0.037,0.73,0.174,4.93,0
Kazakhstan,2016,5.534,10.095,0.928,63.4,0.783,-0.036,0.702,0.155,4.96,0
Kazakhstan,2017,5.882,10.121,0.914,64.0,0.745,-0.035,0.757,0.171,4.9,0
Kazakhstan,2018,6.008,10.148,0.937,64.6,0.84,-0.098,0.693,0.162,4.85,0
Kazakhstan,2019,6.272,10.179,0.951,65.2,0.852,-0.055,0.787,0.139,4.8,0
Kazakhstan,2020,6.168,10.135,0.966,65.8,0.872,-0.056,0.684,0.15,4.89,0
Kenya,2011,4.405,8.143,0.846,56.06,0.709,0.022,0.76,0.228,2.84,1
Kenya,2012,4.547,8.161,0.831,56.62,0.628,0.066,0.707,0.194,2.83,1
Kenya,2013,3.795,8.192,0.825,57.18,0.708,0.212,0.765,0.161,2.81,1
Kenya,2014,4.905,8.219,0.765,57.74,0.819,0.172,0.814,0.221,2.8,1
Kenya,2015,4.358,8.249,0.777,58.3,0.793,0.221,0.702,0.172,2.78,1
Kenya,2016,4.396,8.282,0.706,58.9,0.749,0.298,0.743,0.226,2.76,1
Kenya,2017,4.476,8.306,0.715,59.5,0.853,0.234,0.788,0.23,3.51,1
Kenya,2018,4.656,8.344,0.707,60.1,0.821,0.291,0.759,0.237,4.25,1
Kenya,2019,4.619,8.373,0.676,60.7,0.818,0.31,0.751,0.251,5.01,1
Kenya,2020,4.547,8.365,0.674,61.3,0.702,0.26,0.733,0.297,5.73,1
Kyrgyzstan,2011,4.921,8.374,0.891,61.52,0.748,-0.155,0.681,0.151,8.53,0
Kyrgyzstan,2012,5.208,8.357,0.856,61.94,0.703,-0.079,0.691,0.182,8.43,0
Kyrgyzstan,2013,5.402,8.441,0.851,62.36,0.755,-0.085,0.722,0.135,8.33,0
Kyrgyzstan,2014,5.252,8.46,0.898,62.78,0.736,0.355,0.725,0.185,8.05,0
Kyrgyzstan,2015,4.905,8.477,0.857,63.2,0.813,0.2,0.767,0.173,7.56,0
Kyrgyzstan,2016,4.857,8.5,0.914,63.5,0.814,0.056,0.778,0.126,7.21,0
Kyrgyzstan,2017,5.63,8.526,0.883,63.8,0.859,0.143,0.755,0.16,6.89,0
Kyrgyzstan,2018,5.297,8.543,0.898,64.1,0.945,0.267,0.763,0.203,6.89,0
Kyrgyzstan,2019,5.685,8.567,0.877,64.4,0.92,-0.002,0.766,0.207,6.92,0
Kyrgyzstan,2020,6.25,8.503,0.902,64.7,0.935,0.103,0.803,0.258,8.71,0
Latvia,2011,4.967,10.029,0.836,64.86,0.564,-0.002,0.563,0.222,16.21,0
Latvia,2012,5.125,10.082,0.851,65.12,0.564,-0.038,0.56,0.232,15.05,0
Latvia,2013,5.07,10.116,0.834,65.38,0.631,-0.073,0.642,0.227,11.87,0
Latvia,2014,5.729,10.144,0.881,65.64,0.671,-0.043,0.652,0.226,10.85,0
Latvia,2015,5.881,10.185,0.879,65.9,0.656,-0.077,0.608,0.228,9.87,0
Latvia,2016,5.94,10.211,0.917,66.2,0.685,-0.156,0.654,0.231,9.64,0
Latvia,2017,5.978,10.257,0.895,66.5,0.7,-0.154,0.623,0.232,8.72,0
Latvia,2018,5.901,10.307,0.913,66.8,0.608,-0.212,0.585,0.192,7.41,0
Latvia,2019,5.97,10.336,0.936,67.1,0.698,-0.194,0.575,0.212,6.31,0
Latvia,2020,6.229,10.3,0.928,67.4,0.82,-0.078,0.714,0.202,8.1,0
Lithuania,2011,5.432,10.167,0.911,64.7,0.566,-0.148,0.57,0.275,15.39,0
Lithuania,2012,5.771,10.218,0.919,64.9,0.503,-0.273,0.581,0.277,13.36,0
Lithuania,2013,5.596,10.263,0.913,65.1,0.556,-0.237,0.581,0.294,11.77,0
Lithuania,2014,6.126,10.306,0.908,65.3,0.508,-0.263,0.619,0.287,10.7,0
Lithuania,2015,5.711,10.335,0.929,65.5,0.641,-0.254,0.595,0.276,9.12,0
Lithuania,2016,5.866,10.373,0.938,66.1,0.614,-0.266,0.594,0.25,7.86,0
Lithuania,2017,6.273,10.429,0.926,66.7,0.749,-0.174,0.608,0.195,7.07,0
Lithuania,2018,6.309,10.474,0.929,67.3,0.699,-0.237,0.517,0.214,6.15,0
Lithuania,2019,6.064,10.518,0.918,67.9,0.78,-0.251,0.566,0.276,6.26,0
Lithuania,2020,6.391,10.504,0.953,68.5,0.824,-0.122,0.66,0.202,8.49,0
Malta,2011,6.155,10.37,0.923,71.72,0.882,0.296,0.736,0.34,6.38,0
Malta,2012,5.963,10.389,0.922,71.84,0.861,0.352,0.744,0.391,6.2,0
Malta,2013,6.38,10.422,0.942,71.96,0.909,0.41,0.66,0.37,6.11,0
Malta,2014,6.452,10.486,0.941,72.08,0.904,0.404,0.652,0.352,5.72,0
Malta,2015,6.613,10.566,0.919,72.2,0.912,0.347,0.68,0.355,5.38,0
Malta,2016,6.591,10.599,0.93,72.2,0.916,0.345,0.687,0.355,4.69,0
Malta,2017,6.676,10.635,0.937,72.2,0.924,0.253,0.721,0.302,4.0,0
Malta,2018,6.91,10.67,0.932,72.2,0.927,0.179,0.721,0.296,3.66,0
Malta,2019,6.733,10.677,0.922,72.2,0.924,0.087,0.707,0.356,3.62,0
Malta,2020,6.157,10.534888888888888,0.938,72.2,0.931,0.297,0.601,0.411,4.26,0
Mexico,2011,6.91,9.81,0.824,66.68,0.831,-0.099,0.79,0.228,5.17,1
Mexico,2012,7.32,9.832,0.767,66.86,0.788,-0.093,0.784,0.278,4.89,1
Mexico,2013,7.443,9.832,0.759,67.04,0.739,-0.165,0.79,0.223,4.91,1
Mexico,2014,6.68,9.847,0.782,67.22,0.779,-0.094,0.802,0.229,4.81,1
Mexico,2015,6.236,9.867,0.761,67.4,0.719,-0.152,0.745,0.237,4.31,1
Mexico,2016,6.824,9.884,0.893,67.7,0.752,-0.153,0.859,0.22,3.86,1
Mexico,2017,6.41,9.893,0.8,68.0,0.861,-0.202,0.843,0.231,3.42,1
Mexico,2018,6.55,9.903,0.858,68.3,0.816,-0.179,0.882,0.213,3.28,1
Mexico,2019,6.432,9.891,0.852,68.6,0.903,-0.141,0.864,0.252,3.48,1
Mexico,2020,5.964,9.782,0.779,68.9,0.873,-0.119,0.81,0.292,4.45,1
Moldova,2011,5.792,9.111,0.869,61.62,0.628,-0.082,0.568,0.285,6.68,0
Moldova,2012,5.996,9.105,0.826,61.94,0.602,-0.05,0.568,0.314,5.58,0
Moldova,2013,5.756,9.192,0.803,62.26,0.658,-0.069,0.582,0.261,5.1,0
Moldova,2014,5.917,9.241,0.805,62.58,0.623,-0.113,0.583,0.26,3.73,0
Moldova,2015,6.017,9.246,0.84,62.9,0.595,-0.09,0.59,0.281,4.7,0
Moldova,2016,5.578,9.3,0.837,63.6,0.557,-0.047,0.621,0.275,4.02,0
Moldova,2017,5.326,9.363,0.831,64.3,0.553,-0.053,0.581,0.259,4.1,0
Moldova,2018,5.682,9.423,0.892,65.0,0.824,-0.084,0.582,0.27,4.11,0
Moldova,2019,5.803,9.475,0.809,65.7,0.784,-0.092,0.631,0.262,5.1,0
Moldova,2020,5.812,9.462,0.874,66.4,0.859,-0.058,0.727,0.268,3.82,0
Mongolia,2011,5.031,9.061,0.948,60.5,0.7,0.151,0.692,0.153,4.77,0
Mongolia,2012,4.885,9.158,0.919,60.8,0.688,0.107,0.689,0.181,3.9,0
Mongolia,2013,4.913,9.248,0.935,61.1,0.748,0.136,0.649,0.179,4.23,0
Mongolia,2014,4.825,9.304,0.943,61.4,0.752,0.146,0.627,0.17,4.8,0
Mongolia,2015,4.983,9.308,0.906,61.7,0.686,0.173,0.653,0.208,4.86,0
Mongolia,2016,5.057,9.3,0.947,61.9,0.76,0.09,0.694,0.171,7.24,0
Mongolia,2017,5.334,9.334,0.924,62.1,0.675,0.119,0.675,0.214,6.36,0
Mongolia,2018,5.465,9.386,0.942,62.3,0.696,0.054,0.654,0.192,5.38,0
Mongolia,2019,5.563,9.418,0.946,62.5,0.711,0.149,0.707,0.167,5.44,0
Mongolia,2020,6.011,9.396,0.918,62.7,0.718,0.141,0.636,0.26,7.01,0
Montenegro,2011,5.223,9.755,0.818,67.26,0.546,-0.226,0.603,0.378,19.67,0
Montenegro,2012,5.219,9.726,0.704,67.42,0.462,-0.192,0.574,0.379,19.97,0
Montenegro,2013,5.074,9.76,0.736,67.58,0.502,-0.176,0.539,0.331,19.5,0
Montenegro,2014,5.283,9.777,0.863,67.74,0.503,0.097,0.587,0.368,18.0,0
Montenegro,2015,5.125,9.81,0.74,67.9,0.583,-0.144,0.58,0.337,17.54,0
Montenegro,2016,5.304,9.839,0.866,68.1,0.569,-0.087,0.591,0.337,17.72,0
Montenegro,2017,5.615,9.885,0.881,68.3,0.626,-0.083,0.519,0.35,16.07,0
Montenegro,2018,5.65,9.934,0.856,68.5,0.626,-0.051,0.59,0.355,15.17,0
Montenegro,2019,5.386,9.97,0.832,68.7,0.694,-0.105,0.591,0.366,15.12,0
Montenegro,2020,5.722,9.913,0.887,68.9,0.802,0.06,0.603,0.411,17.9,0
Netherlands,2011,7.564,10.875,0.938,71.52,0.925,0.336,0.863,0.181,4.98,0
Netherlands,2012,7.471,10.861,0.939,71.64,0.877,0.288,0.861,0.226,5.82,0
Netherlands,2013,7.407,10.857,0.925,71.76,0.919,0.305,0.867,0.235,7.24,0
Netherlands,2014,7.321,10.867,0.909,71.88,0.91,0.331,0.868,0.221,7.42,0
Netherlands,2015,7.324,10.882,0.879,72.0,0.904,0.261,0.834,0.202,6.87,0
Netherlands,2016,7.541,10.899,0.926,72.1,0.907,0.239,0.838,0.215,6.01,0
Netherlands,2017,7.459,10.921,0.937,72.2,0.92,0.25,0.852,0.185,4.84,0
Netherlands,2018,7.463,10.941,0.939,72.3,0.92,0.161,0.862,0.205,3.83,0
Netherlands,2019,7.425,10.953,0.941,72.4,0.886,0.213,0.838,0.231,3.38,0
Netherlands,2020,7.504,10.901,0.944,72.5,0.935,0.151,0.784,0.247,3.82,0
New Zealand,2011,7.191,10.536,0.954,72.12,0.935,0.284,0.864,0.21,6.49,0
New Zealand,2012,7.25,10.553,0.93,72.24,0.902,0.287,0.866,0.207,6.93,0
New Zealand,2013,7.28,10.571,0.958,72.36,0.944,0.237,0.835,0.151,5.84,0
New Zealand,2014,7.306,10.592,0.942,72.48,0.932,0.348,0.848,0.199,5.43,0
New Zealand,2015,7.418,10.608,0.987,72.6,0.942,0.329,0.834,0.16,5.41,0
New Zealand,2016,7.226,10.623,0.937,72.8,0.927,0.266,0.833,0.207,5.15,0
New Zealand,2017,7.327,10.633,0.955,73.0,0.942,0.294,0.817,0.172,4.74,0
New Zealand,2018,7.37,10.66,0.954,73.2,0.949,0.12,0.845,0.168,4.33,0
New Zealand,2019,7.205,10.666,0.939,73.4,0.912,0.157,0.816,0.191,4.11,0
New Zealand,2020,7.257,10.6,0.952,73.6,0.918,0.125,0.849,0.209,4.59,0
North Macedonia,2011,4.898,9.518,0.784,64.661,0.607,-0.087,0.588,0.363,31.38,0
North Macedonia,2012,4.64,9.513,0.798,64.811,0.613,-0.084,0.642,0.422,31.02,0
North Macedonia,2013,5.186,9.541,0.832,64.942,0.641,0.025,0.578,0.331,29.0,0
North Macedonia,2014,5.204,9.576,0.793,65.053,0.645,0.035,0.637,0.307,28.03,0
North Macedonia,2015,4.976,9.613,0.766,65.145,0.66,-0.047,0.62,0.299,26.07,0
North Macedonia,2016,5.346,9.64,0.871,65.225,0.706,0.08,0.639,0.292,23.72,0
North Macedonia,2017,5.234,9.65,0.8,65.303,0.752,-0.059,0.502,0.299,22.38,0
North Macedonia,2018,5.24,9.677,0.849,65.389,0.745,-0.041,0.59,0.298,20.74,0
North Macedonia,2019,5.015,9.711,0.815,65.474,0.725,0.024,0.576,0.304,17.26,0
North Macedonia,2020,5.054,9.69,0.75,65.56,0.787,0.131,0.605,0.365,17.2,0
Philippines,2011,4.994,8.707,0.789,60.8,0.883,0.073,0.851,0.358,3.59,1
Philippines,2012,5.002,8.756,0.813,61.0,0.914,0.053,0.865,0.351,3.5,1
Philippines,2013,4.977,8.805,0.846,61.2,0.907,0.021,0.799,0.332,3.5,1
Philippines,2014,5.313,8.85,0.813,61.4,0.902,-0.015,0.813,0.334,3.6,1
Philippines,2015,5.547,8.896,0.854,61.6,0.912,-0.051,0.805,0.351,3.07,1
Philippines,2016,5.431,8.95,0.821,61.7,0.908,-0.071,0.821,0.29,2.7,1
Philippines,2017,5.594,9.002,0.851,61.8,0.926,-0.141,0.769,0.341,2.55,1
Philippines,2018,5.869,9.05,0.846,61.9,0.918,-0.108,0.773,0.393,2.34,1
Philippines,2019,6.268,9.095,0.845,62.0,0.91,-0.083,0.781,0.341,2.24,1
Philippines,2020,5.08,9.061,0.781,62.1,0.932,-0.116,0.804,0.327,2.52,1
Poland,2011,5.646,10.133,0.905,67.46,0.868,-0.067,0.725,0.224,9.63,0
Poland,2012,5.876,10.149,0.936,67.62,0.811,-0.027,0.787,0.267,10.09,0
Poland,2013,5.746,10.164,0.912,67.78,0.776,-0.137,0.784,0.242,10.33,0
Poland,2014,5.75,10.197,0.924,67.94,0.875,-0.064,0.777,0.223,8.99,0
Poland,2015,6.007,10.235,0.893,68.1,0.793,-0.093,0.734,0.24,7.5,0
Poland,2016,6.162,10.266,0.917,68.5,0.871,-0.091,0.777,0.224,6.16,0
Poland,2017,6.201,10.314,0.882,68.9,0.831,-0.122,0.677,0.203,4.89,0
Poland,2018,6.111,10.366,0.863,69.3,0.87,-0.254,0.742,0.176,3.85,0
Poland,2019,6.242,10.407,0.878,69.7,0.883,-0.231,0.725,0.168,3.28,0
Poland,2020,6.139,10.371,0.953,70.1,0.767,-0.007,0.76,0.329,3.16,0
Portugal,2011,5.22,10.353,0.856,71.0,0.875,-0.173,0.725,0.279,12.68,0
Portugal,2012,4.994,10.315,0.866,71.2,0.774,-0.097,0.729,0.37,15.53,0
Portugal,2013,5.158,10.312,0.867,71.4,0.788,-0.118,0.7,0.348,16.18,0
Portugal,2014,5.127,10.325,0.862,71.6,0.847,-0.126,0.705,0.358,13.89,0
Portugal,2015,5.081,10.347,0.866,71.8,0.8,-0.163,0.657,0.371,12.44,0
Portugal,2016,5.447,10.37,0.905,72.0,0.838,-0.225,0.684,0.326,11.07,0
Portugal,2017,5.711,10.407,0.9,72.2,0.905,-0.176,0.649,0.294,8.87,0
Portugal,2018,5.92,10.434,0.887,72.4,0.877,-0.261,0.679,0.318,6.99,0
Portugal,2019,6.095,10.457,0.876,72.6,0.882,-0.234,0.71,0.3,6.46,0
Portugal,2020,5.768,10.371,0.875,72.8,0.913,-0.238,0.648,0.383,6.79,0
Russia,2011,5.389,10.129,0.883,61.42,0.626,-0.279,0.601,0.165,6.54,0
Russia,2012,5.621,10.166,0.901,61.84,0.609,-0.293,0.611,0.174,5.44,0
Russia,2013,5.537,10.182,0.881,62.26,0.661,-0.289,0.68,0.18,5.46,0
Russia,2014,6.037,10.171,0.932,62.68,0.744,-0.265,0.688,0.151,5.16,0
Russia,2015,5.996,10.149,0.924,63.1,0.685,-0.171,0.679,0.13,5.57,0
Russia,2016,5.855,10.149,0.911,63.5,0.714,-0.181,0.636,0.142,5.56,0
Russia,2017,5.579,10.166,0.896,63.9,0.731,-0.145,0.71,0.195,5.21,0
Russia,2018,5.514,10.191,0.909,64.3,0.729,-0.147,0.673,0.199,4.85,0
Russia,2019,5.441,10.205,0.91,64.7,0.715,-0.116,0.691,0.2,4.5,0
Russia,2020,5.495,10.162,0.887,65.1,0.714,-0.071,0.645,0.19,5.59,0
Saudi Arabia,2011,6.7,10.758,0.83,64.6,0.603,-0.142,0.726,0.24,5.77,0
Saudi Arabia,2012,6.396,10.779,0.867,64.8,0.56,-0.12,0.715,0.225,5.52,0
Saudi Arabia,2013,6.495,10.776,0.827,65.0,0.661,-0.081,0.744,0.276,5.57,0
Saudi Arabia,2014,6.278,10.783,0.818,65.2,0.762,-0.073,0.705,0.313,5.72,0
Saudi Arabia,2015,6.345,10.798,0.82,65.4,0.82,-0.045,0.724,0.327,5.59,1
Saudi Arabia,2016,6.474,10.792,0.89,65.7,0.774,-0.132,0.793,0.266,5.65,1
Saudi Arabia,2017,6.294,10.764,0.84,66.0,0.814,-0.131,0.775,0.306,5.89,1
Saudi Arabia,2018,6.356,10.771,0.868,66.3,0.855,-0.192,0.764,0.288,6.04,1
Saudi Arabia,2019,6.561,10.757,0.912,66.6,0.891,-0.147,0.732,0.238,5.67,0
Saudi Arabia,2020,6.56,10.701,0.89,66.9,0.884,-0.111,0.754,0.251,7.45,0
Serbia,2011,4.815,9.607,0.773,66.36,0.44,-0.185,0.545,0.41,22.97,0
Serbia,2012,5.155,9.605,0.819,66.52,0.461,-0.13,0.514,0.371,24.0,0
Serbia,2013,5.102,9.638,0.828,66.68,0.533,-0.1,0.529,0.403,22.15,0
Serbia,2014,5.113,9.627,0.783,66.84,0.532,0.072,0.498,0.326,19.22,0
Serbia,2015,5.318,9.649,0.816,67.0,0.546,-0.062,0.496,0.303,17.66,0
Serbia,2016,5.753,9.688,0.895,67.4,0.614,-0.068,0.535,0.298,15.26,0
Serbia,2017,5.122,9.713,0.884,67.8,0.685,-0.077,0.51,0.326,13.48,0
Serbia,2018,5.936,9.762,0.853,68.2,0.74,-0.1,0.559,0.296,12.73,0
Serbia,2019,6.241,9.808,0.903,68.6,0.753,-0.04,0.509,0.242,10.39,0
Serbia,2020,6.042,9.788,0.852,69.0,0.843,0.149,0.603,0.358,9.01,0
Slovakia,2011,5.945,10.196,0.917,67.04,0.727,0.01,0.637,0.287,13.62,0
Slovakia,2012,5.911,10.213,0.926,67.28,0.62,-0.028,0.656,0.302,13.96,0
Slovakia,2013,5.937,10.218,0.909,67.52,0.598,-0.051,0.698,0.277,14.22,0
Slovakia,2014,6.139,10.244,0.924,67.76,0.635,-0.126,0.703,0.267,13.18,0
Slovakia,2015,6.162,10.291,0.943,68.0,0.587,-0.128,0.714,0.269,11.48,0
Slovakia,2016,5.993,10.31,0.945,68.3,0.7,-0.061,0.774,0.232,9.67,0
Slovakia,2017,6.366,10.339,0.913,68.6,0.714,-0.055,0.788,0.213,8.13,0
Slovakia,2018,6.235,10.376,0.922,68.9,0.758,-0.167,0.754,0.253,6.54,0
Slovakia,2019,6.243,10.398,0.933,69.2,0.771,-0.129,0.75,0.252,5.75,0
Slovakia,2020,6.519,10.332,0.954,69.5,0.762,-0.075,0.764,0.274,6.69,0
Slovenia,2011,6.036,10.426,0.931,69.4,0.907,-0.025,0.652,0.285,8.17,0
Slovenia,2012,6.063,10.397,0.925,69.6,0.904,-0.02,0.656,0.284,8.84,0
Slovenia,2013,5.975,10.385,0.932,69.8,0.89,0.036,0.635,0.274,10.1,0
Slovenia,2014,5.678,10.412,0.908,70.0,0.888,0.052,0.62,0.291,9.67,0
Slovenia,2015,5.741,10.433,0.901,70.2,0.896,0.008,0.659,0.261,8.96,0
Slovenia,2016,5.937,10.463,0.934,70.5,0.904,-0.055,0.626,0.272,8.0,0
Slovenia,2017,6.167,10.509,0.928,70.8,0.921,-0.025,0.615,0.286,6.56,0
Slovenia,2018,6.249,10.546,0.941,71.1,0.942,-0.119,0.644,0.275,5.11,0
Slovenia,2019,6.665,10.563,0.949,71.4,0.945,-0.102,0.679,0.228,4.45,0
Slovenia,2020,6.462,10.478,0.953,71.7,0.958,-0.081,0.61,0.314,4.97,0
South Africa,2011,4.931,9.447,0.858,51.46,0.835,-0.154,0.763,0.23,24.64,0
South Africa,2012,5.134,9.453,0.907,52.42,0.59,-0.163,0.761,0.178,24.73,0
South Africa,2013,3.661,9.461,0.839,53.38,0.714,-0.077,0.773,0.167,24.56,0
South Africa,2014,4.828,9.464,0.881,54.34,0.794,-0.117,0.798,0.243,24.89,0
South Africa,2015,4.887,9.46,0.898,55.3,0.862,-0.127,0.781,0.161,25.15,0
South Africa,2016,4.77,9.45,0.875,55.7,0.774,-0.07,0.786,0.301,26.54,0
South Africa,2017,4.514,9.45,0.87,56.1,0.787,-0.129,0.785,0.268,27.04,0
South Africa,2018,4.884,9.444,0.841,56.5,0.753,-0.05,0.812,0.283,26.91,0
South Africa,2019,5.035,9.432,0.848,56.9,0.738,-0.134,0.801,0.268,28.47,0
South Africa,2020,4.947,9.332,0.891,57.3,0.757,-0.015,0.82,0.294,29.22,1
South Korea,2011,6.947,10.475,0.809,71.66,0.682,-0.048,0.656,0.168,2.99,0
South Korea,2012,6.003,10.494,0.775,71.92,0.618,-0.043000000000000003,0.664,0.206,2.81,0
South Korea,2013,5.959,10.52,0.797,72.18,0.642,-0.05,0.676,0.189,2.75,0
South Korea,2014,5.801,10.546,0.738,72.44,0.623,-0.043,0.653,0.283,3.08,0
South Korea,2015,5.78,10.568,0.768,72.7,0.616,-0.036,0.65,0.244,3.55,0
South Korea,2016,5.971,10.593,0.811,73.0,0.591,0.026,0.676,0.233,3.65,0
South Korea,2017,5.874,10.621,0.807,73.3,0.538,0.014,0.623,0.235,3.65,0
South Korea,2018,5.84,10.643,0.798,73.6,0.6,-0.089,0.661,0.217,3.82,0
South Korea,2019,5.903,10.661,0.783,73.9,0.706,-0.055,0.684,0.236,3.75,0
South Korea,2020,5.793,10.648,0.808,74.2,0.711,-0.106,0.64,0.247,3.93,0
Spain,2011,6.518,10.518,0.944,73.02,0.819,-0.122,0.737,0.356,21.39,0
Spain,2012,6.291,10.487,0.937,73.14,0.755,-0.059,0.749,0.366,24.79,0
Spain,2013,6.15,10.476,0.929,73.26,0.759,-0.101,0.696,0.372,26.09,0
Spain,2014,6.456,10.492,0.948,73.38,0.738,-0.028,0.716,0.335,24.44,0
Spain,2015,6.381,10.531,0.956,73.5,0.732,-0.072,0.732,0.285,22.06,0
Spain,2016,6.319,10.56,0.942,73.8,0.768,-0.048,0.653,0.301,19.63,0
Spain,2017,6.23,10.586,0.903,74.1,0.756,-0.032,0.625,0.302,17.22,1
Spain,2018,6.513,10.605,0.91,74.4,0.722,-0.075,0.659,0.357,15.25,0
Spain,2019,6.457,10.618,0.949,74.7,0.778,-0.049,0.663,0.316,14.1,0
Spain,2020,6.502,10.488,0.935,75.0,0.783,-0.121,0.686,0.317,15.53,0
Sweden,2011,7.382,10.814,0.921,71.98,0.941,0.161,0.815,0.179,7.8,0
Sweden,2012,7.56,10.8,0.929,72.06,0.944,0.132,0.855,0.17,7.98,0
Sweden,2013,7.434,10.804,0.916,72.14,0.936,0.159,0.829,0.184,8.05,0
Sweden,2014,7.239,10.82,0.933,72.22,0.945,0.202,0.836,0.208,7.95,0
Sweden,2015,7.289,10.853,0.929,72.3,0.935,0.211,0.818,0.191,7.43,0
Sweden,2016,7.369,10.861,0.912,72.4,0.918,0.146,0.816,0.201,6.99,0
Sweden,2017,7.287,10.873,0.914,72.5,0.935,0.17,0.814,0.175,6.72,1
Sweden,2018,7.375,10.881,0.931,72.6,0.942,0.077,0.823,0.161,6.36,0
Sweden,2019,7.398,10.882,0.934,72.7,0.942,0.091,0.826,0.202,6.83,0
Sweden,2020,7.314,10.838,0.936,72.8,0.951,0.091,0.766,0.222,8.29,0
Tajikistan,2011,4.263,7.772,0.751,62.56,0.776,-0.119,0.698,0.166,10.24,0
Tajikistan,2012,4.497,7.821,0.729,62.72,0.749,-0.073,0.714,0.198,9.58,0
Tajikistan,2013,4.967,7.87,0.701,62.88,0.693,0.063,0.677,0.17,8.91,0
Tajikistan,2014,4.896,7.911,0.81,63.04,0.853,0.002,0.656,0.196,8.23,1
Tajikistan,2015,5.124,7.945,0.844,63.2,0.847,0.022,0.689,0.196,7.55,0
Tajikistan,2016,5.104,7.987,0.857,63.5,0.703,0.01,0.644,0.22,6.9,0
Tajikistan,2017,5.829,8.036,0.663,63.8,0.832,0.124,0.603,0.278,6.95,0
Tajikistan,2018,5.497,8.082,0.875,64.1,0.7789999999999999,-0.065,0.695,0.22,7.01,1
Tajikistan,2019,5.464,8.126,0.88,64.4,0.7789999999999999,-0.045,0.729,0.178,7.06,0
Tajikistan,2020,5.373,8.08,0.79,64.7,0.7789999999999999,-0.04,0.749,0.344,7.58,0
Tanzania,2011,4.074,7.649,0.883,53.04,0.736,-0.046,0.765,0.145,3.47,0
Tanzania,2012,4.007,7.663,0.832,53.78,0.577,0.213,0.679,0.195,3.23,0
Tanzania,2013,3.852,7.699,0.803,54.52,0.654,0.054,0.738,0.191,2.93,0
Tanzania,2014,3.483,7.734,0.789,55.26,0.654,0.11,0.731,0.241,2.12,0
Tanzania,2015,3.661,7.764,0.79,56.0,0.759,0.149,0.619,0.192,2.14,0
Tanzania,2016,2.903,7.8,0.638,56.5,0.775,0.179,0.694,0.246,2.16,0
Tanzania,2017,3.347,7.836,0.705,57.0,0.8,0.116,0.715,0.255,2.18,0
Tanzania,2018,3.445,7.859,0.675,57.5,0.807,0.153,0.762,0.221,2.21,0
Tanzania,2019,3.64,7.886,0.687,58.0,0.85,0.1,0.726,0.243,2.22,1
Tanzania,2020,3.786,7.881,0.74,58.5,0.83,0.295,0.686,0.271,2.53,1
Thailand,2011,6.664,9.579,0.884,65.72,0.927,0.4,0.934,0.117,0.66,1
Thailand,2012,6.3,9.645,0.906,65.94,0.847,0.38,0.855,0.138,0.58,1
Thailand,2013,6.231,9.667,0.926,66.16,0.781,0.456,0.846,0.141,0.25,1
Thailand,2014,6.985,9.672,0.933,66.38,0.9,0.553,0.811,0.169,0.58,1
Thailand,2015,6.202,9.699,0.866,66.6,0.885,0.316,0.91,0.174,0.6,1
Thailand,2016,6.074,9.729,0.908,66.8,0.924,0.356,0.835,0.218,0.69,1
Thailand,2017,5.939,9.765,0.877,67.0,0.923,0.212,0.816,0.232,0.83,1
Thailand,2018,6.012,9.803,0.873,67.2,0.905,0.259,0.843,0.198,0.77,1
Thailand,2019,6.022,9.824,0.903,67.4,0.898,0.309,0.843,0.208,0.72,1
Thailand,2020,5.885,9.769,0.867,67.6,0.84,0.273,0.783,0.326,1.1,0
Tunisia,2011,4.876,9.192,0.715,65.28,0.603,-0.199,0.588,0.248,18.33,0
Tunisia,2012,4.464,9.222,0.614,65.46,0.568,-0.176,0.521,0.327,17.63,0
Tunisia,2013,5.246,9.24,0.648,65.64,0.536,-0.207,0.517,0.239,15.93,0
Tunisia,2014,4.764,9.26,0.68,65.82,0.589,-0.232,0.503,0.321,15.06,1
Tunisia,2015,5.132,9.261,0.609,66.0,0.711,-0.226,0.573,0.32,15.16,1
Tunisia,2016,4.521,9.262,0.702,66.3,0.614,-0.165,0.612,0.378,15.56,1
Tunisia,2017,4.124,9.269,0.717,66.6,0.478,-0.219,0.421,0.377,15.33,0
Tunisia,2018,4.741,9.284,0.733,66.9,0.65,-0.191,0.592,0.365,15.46,0
Tunisia,2019,4.315,9.283,0.61,67.2,0.659,-0.209,0.539,0.433,15.13,0
Tunisia,2020,4.731,9.231,0.719,67.5,0.668,-0.202,0.585,0.439,16.59,0
Turkey,2011,5.272,9.996,0.692,64.64,0.446,-0.242,0.621,0.38,8.8,1
Turkey,2012,5.309,10.026,0.739,64.88,0.471,-0.216,0.645,0.335,8.15,1
Turkey,2013,4.888,10.091,0.795,65.12,0.541,-0.229,0.635,0.392,8.73,1
Turkey,2014,5.58,10.124,0.863,65.36,0.649,-0.024,0.483,0.377,9.88,0
Turkey,2015,5.514,10.166,0.851,65.6,0.653,-0.016,0.46,0.382,10.24,1
Turkey,2016,5.326,10.181,0.88,66.0,0.644,-0.065,0.465,0.39,10.84,1
Turkey,2017,5.607,10.238,0.876,66.4,0.644,-0.237,0.45,0.313,10.82,1
Turkey,2018,5.186,10.251,0.847,66.8,0.529,-0.176,0.435,0.351,10.89,1
Turkey,2019,4.872,10.246,0.792,67.2,0.631,-0.136,0.422,0.368,13.67,1
Turkey,2020,4.862,10.219,0.857,67.6,0.51,-0.111,0.384,0.44,13.11,1
Uganda,2011,4.826,7.586,0.882,51.22,0.733,0.032,0.678,0.254,3.51,0
Uganda,2012,4.309,7.592,0.885,52.04,0.649,0.081,0.754,0.265,3.55,0
Uganda,2013,3.71,7.595,0.878,52.86,0.763,0.053,0.676,0.346,1.91,0
Uganda,2014,3.77,7.611,0.821,53.68,0.834,0.009,0.681,0.397,1.91,1
Uganda,2015,4.238,7.627,0.747,54.5,0.758,0.135,0.703,0.353,1.91,0
Uganda,2016,4.233,7.637,0.754,54.9,0.739,0.132,0.668,0.41,1.92,0
Uganda,2017,4.001,7.638,0.74,55.3,0.772,0.06,0.703,0.4,1.93,0
Uganda,2018,4.322,7.66,0.74,55.7,0.729,0.079,0.685,0.39,1.92,1
Uganda,2019,4.948,7.688,0.805,56.1,0.704,0.139,0.693,0.385,1.92,1
Uganda,2020,4.641,7.684,0.8,56.5,0.687,0.147,0.699,0.425,2.77,0
Ukraine,2011,5.083,9.431,0.859,62.5,0.579,-0.228,0.59,0.22,7.85,0
Ukraine,2012,5.03,9.436,0.898,62.8,0.564,-0.223,0.57,0.193,7.53,0
Ukraine,2013,4.711,9.438,0.897,63.1,0.569,-0.216,0.643,0.225,7.17,0
Ukraine,2014,4.297,9.426,0.877,63.4,0.533,0.084,0.594,0.249,9.27,1
Ukraine,2015,3.965,9.327,0.909,63.7,0.431,-0.033,0.574,0.241,9.14,1
Ukraine,2016,4.029,9.353,0.885,64.0,0.503,0.011,0.589,0.22,9.35,1
Ukraine,2017,4.311,9.382,0.858,64.3,0.599,-0.002,0.597,0.235,9.5,1
Ukraine,2018,4.662,9.42,0.901,64.6,0.663,-0.074,0.609,0.222,8.8,1
Ukraine,2019,4.702,9.458,0.883,64.9,0.715,-0.081,0.634,0.201,8.19,1
Ukraine,2020,5.27,9.428,0.885,65.2,0.784,0.126,0.688,0.285,9.13,1
United Arab Emirates,2011,7.119,10.935,0.881,66.42,0.889,0.071,0.763,0.216,2.3,0
United Arab Emirates,2012,7.218,10.958,0.856,66.44,0.92,0.12314285714285714,0.768,0.224,2.18,0
United Arab Emirates,2013,6.621,11.001,0.864,66.46,0.936,0.12314285714285714,0.77425,0.291,2.04,0
United Arab Emirates,2014,6.54,11.041,0.85,66.48,0.9297777777777778,0.12314285714285714,0.77425,0.26266666666666666,1.91,0
United Arab Emirates,2015,6.568,11.086,0.824,66.5,0.915,0.201,0.761,0.296,1.77,0
United Arab Emirates,2016,6.831,11.105,0.849,66.7,0.949,0.131,0.775,0.245,1.64,0
United Arab Emirates,2017,7.039,11.115,0.836,66.9,0.962,0.216,0.795,0.208,2.46,0
United Arab Emirates,2018,6.604,11.112,0.851,67.1,0.944,0.054,0.787,0.302,2.35,0
United Arab Emirates,2019,6.711,11.114,0.862,67.3,0.911,0.129,0.793,0.284,2.23,0
United Arab Emirates,2020,6.458,11.053,0.827,67.5,0.942,0.06,0.752,0.298,3.19,0
United Kingdom,2011,6.869,10.657,0.949,71.38,0.9,0.336,0.844,0.174,8.04,0
United Kingdom,2012,6.881,10.664,0.935,71.46,0.889,0.371,0.844,0.184,7.88,0
United Kingdom,2013,6.918,10.679,0.937,71.54,0.905,0.346,0.776,0.252,7.52,0
United Kingdom,2014,6.758,10.697,0.91,71.62,0.857,0.355,0.794,0.251,6.11,0
United Kingdom,2015,6.515,10.712,0.936,71.7,0.833,0.3,0.798,0.219,5.3,0
United Kingdom,2016,6.824,10.724,0.954,71.9,0.821,0.25,0.776,0.23,4.81,0
United Kingdom,2017,7.103,10.736,0.937,72.1,0.813,0.291,0.759,0.21,4.33,0
United Kingdom,2018,7.233,10.743,0.928,72.3,0.838,0.226,0.783,0.228,4.0,0
United Kingdom,2019,7.157,10.751,0.943,72.5,0.854,0.271,0.775,0.251,3.74,1
United Kingdom,2020,6.798,10.626,0.929,72.7,0.885,0.203,0.758,0.225,4.47,0
United States,2011,7.115,10.913,0.922,68.68,0.863,0.161,0.836,0.273,8.95,0
United States,2012,7.026,10.928,0.903,68.66,0.823,0.215,0.834,0.26,8.07,0
United States,2013,7.249,10.939,0.925,68.64,0.792,0.274,0.814,0.26,7.37,0
United States,2014,7.151,10.956,0.902,68.62,0.866,0.221,0.834,0.281,6.17,0
United States,2015,6.864,10.977,0.904,68.6,0.849,0.219,0.814,0.275,5.28,0
United States,2016,6.804,10.986,0.897,68.5,0.758,0.144,0.806,0.264,4.87,0
United States,2017,6.992,11.001,0.921,68.4,0.868,0.197,0.827,0.268,4.36,0
United States,2018,6.883,11.025,0.904,68.3,0.825,0.116,0.815,0.292,3.9,0
United States,2019,6.944,11.043,0.917,68.2,0.836,0.144,0.815,0.244,3.67,0
United States,2020,7.028,11.001,0.937,68.1,0.85,0.034,0.787,0.295,8.05,0
Uruguay,2011,6.554,9.83,0.891,68.14,0.851,-0.08,0.805,0.252,6.31,0
Uruguay,2012,6.45,9.861,0.865,68.28,0.871,0.067,0.788,0.214,6.45,0
Uruguay,2013,6.444,9.904,0.917,68.42,0.888,-0.043,0.826,0.253,6.44,0
Uruguay,2014,6.561,9.932,0.902,68.56,0.904,-0.073,0.869,0.251,6.55,0
Uruguay,2015,6.628,9.932,0.891,68.7,0.917,-0.032,0.893,0.3,7.49,0
Uruguay,2016,6.171,9.946,0.9,68.8,0.886,-0.072,0.842,0.283,7.84,0
Uruguay,2017,6.336,9.968,0.914,68.9,0.898,-0.091,0.836,0.28,7.89,0
Uruguay,2018,6.372,9.98,0.917,69.0,0.876,-0.097,0.877,0.275,8.34,0
Uruguay,2019,6.6,9.979,0.933,69.1,0.903,-0.095,0.889,0.222,8.88,0
Uruguay,2020,6.31,9.937,0.921,69.2,0.908,-0.084,0.807,0.265,10.35,0
Venezuela,2011,6.58,9.822,0.931,65.74,0.766,-0.226,0.828,0.199,6.9,1
Venezuela,2012,7.067,9.826,0.932,65.78,0.804,-0.193,0.858,0.176,6.6,1
Venezuela,2013,6.553,9.739,0.896,65.82,0.642,-0.22,0.84,0.238,7.54,1
Venezuela,2014,6.136,9.557,0.904,65.86,0.57,-0.199,0.811,0.244,6.86,1
Venezuela,2015,5.569,9.001,0.911,65.9,0.512,-0.117,0.867,0.223,6.08,1
Venezuela,2016,4.041,9.01,0.902,66.1,0.458,-0.155,0.688,0.392,5.32,1
Venezuela,2017,5.071,9.073,0.896,66.3,0.636,-0.169,0.726,0.363,5.05,1
Venezuela,2018,5.006,9.43257142857143,0.887,66.5,0.611,-0.18271428571428575,0.759,0.374,5.02,1
Venezuela,2019,5.081,9.43257142857143,0.888,66.7,0.626,-0.18271428571428575,0.761,0.351,5.1,1
Venezuela,2020,4.574,9.43257142857143,0.805,66.9,0.612,-0.18271428571428575,0.722,0.396,6.63,1
Zambia,2011,4.999,8.071,0.864,50.84,0.663,0.003,0.833,0.204,10.55,0
Zambia,2012,5.013,8.114,0.78,51.58,0.788,0.008,0.726,0.25,7.85,0
Zambia,2013,5.244,8.131,0.761,52.32,0.77,-0.104,0.735,0.308,8.61,0
Zambia,2014,4.346,8.146,0.706,53.06,0.812,-0.011,0.692,0.327,9.36,0
Zambia,2015,4.843,8.144,0.691,53.8,0.759,-0.039,0.69,0.382,10.13,0
Zambia,2016,4.348,8.151,0.767,54.3,0.812,0.122,0.731,0.372,10.87,0
Zambia,2017,3.933,8.156,0.744,54.8,0.823,0.14,0.685,0.387,11.63,0
Zambia,2018,4.041,8.167,0.718,55.3,0.791,0.048,0.703,0.351,12.01,0
Zambia,2019,3.307,8.155,0.638,55.8,0.811,0.077,0.743,0.394,12.52,0
Zambia,2020,4.838,8.117,0.767,56.3,0.75,0.056,0.691,0.345,12.85,0
Zimbabwe,2011,4.846,7.846,0.865,48.12,0.633,-0.088,0.781,0.211,5.37,0
Zimbabwe,2012,4.955,7.983,0.896,49.54,0.47,-0.103,0.669,0.177,5.15,0
Zimbabwe,2013,4.69,7.985,0.799,50.96,0.576,-0.104,0.712,0.182,4.98,0
Zimbabwe,2014,4.184,7.991,0.766,52.38,0.642,-0.074,0.725,0.239,4.77,0
Zimbabwe,2015,3.703,7.992,0.736,53.8,0.667,-0.123,0.715,0.179,4.78,0
Zimbabwe,2016,3.735,7.984,0.768,54.4,0.733,-0.095,0.738,0.209,4.79,0
Zimbabwe,2017,3.638,8.016,0.754,55.0,0.753,-0.098,0.806,0.224,4.78,0
Zimbabwe,2018,3.616,8.049,0.775,55.6,0.763,-0.068,0.71,0.212,4.8,0
Zimbabwe,2019,2.694,7.95,0.759,56.2,0.632,-0.064,0.716,0.235,4.83,0
Zimbabwe,2020,3.16,7.829,0.717,56.8,0.643,-0.009,0.703,0.346,5.35,0
